Submission id,Participant id,Status,Started at,Completed at,Reviewed at,Archived at,Time taken,Completion code,Total approvals,Age,Sex,Ethnicity simplified,Country of birth,Country of residence,Nationality,Language,Student status,Employment status
6413340adae8f6d21ba1882d,60ca64ec4ea478fcb4d87165,AWAITING REVIEW,2023-03-16T15:21:46.964000Z,2023-03-16T15:39:45.597000Z,,2023-03-16T15:39:46.477503Z,1079,CVCWHIQC,238,38,Female,White,Portugal,Portugal,Portugal,Portuguese,No,Full-Time
6413340c052810f92a561d5b,60d62be71011d9a64042a465,AWAITING REVIEW,2023-03-16T15:21:48.867000Z,2023-03-16T15:34:07.409000Z,,2023-03-16T15:34:07.754748Z,739,CVCWHIQC,79,29,Female,White,Portugal,Portugal,Portugal,Portuguese,No,Full-Time
6413342542ae548fbe4f8697,5f6ab630339f67193e8b487f,AWAITING REVIEW,2023-03-16T15:22:18.879000Z,2023-03-16T15:30:29.734000Z,,2023-03-16T15:30:30.084105Z,491,CVCWHIQC,176,36,Male,White,Portugal,Portugal,Portugal,Portuguese,No,Full-Time
64133435db856ad5b8a3d897,61393c5349b812515afde134,AWAITING REVIEW,2023-03-16T15:22:29.746000Z,2023-03-16T15:32:10.760000Z,,2023-03-16T15:32:11.169882Z,582,CVCWHIQC,33,20,Male,White,Portugal,Portugal,Portugal,Portuguese,DATA_EXPIRED,DATA_EXPIRED
6413343e70f797984455261d,5e08d5b38390791d3fc17420,AWAITING REVIEW,2023-03-16T15:22:56.458000Z,2023-03-16T15:31:06.356000Z,,2023-03-16T15:31:06.775943Z,490,CVCWHIQC,92,23,Male,White,Portugal,Portugal,Portugal,Portuguese,Yes,Due to start a new job within the next month
6413345131e7b9efaa8d8db2,609ab872a125c21478ecc6cc,AWAITING REVIEW,2023-03-16T15:23:59.276000Z,2023-03-16T15:41:34.767000Z,,2023-03-16T15:41:35.262634Z,1056,CVCWHIQC,97,20,Male,White,Portugal,Portugal,Portugal,Portuguese,Yes,Unemployed (and job seeking)
64133453021eb6ed95d77aaf,5c5c2d590edbd90001e1e01d,AWAITING REVIEW,2023-03-16T15:23:03.749000Z,2023-03-16T15:35:18.496000Z,,2023-03-16T15:35:19.036722Z,735,CVCWHIQC,70,26,Male,White,Portugal,Portugal,Portugal,Portuguese,No,Part-Time
64133453c0e46303f0356f84,6155d5e191a8a0b9fc7f1371,AWAITING REVIEW,2023-03-16T15:22:59.873000Z,2023-03-16T15:41:15.391000Z,,2023-03-16T15:41:15.785985Z,1096,CVCWHIQC,99,24,Female,White,Portugal,Portugal,Portugal,Portuguese,Yes,Unemployed (and job seeking)
6413345882ba8bd5f70f83bf,6015812ae6b0ba65c927ef31,AWAITING REVIEW,2023-03-16T15:23:04.040000Z,2023-03-16T15:32:49.926000Z,,2023-03-16T15:32:50.296781Z,586,CVCWHIQC,48,29,Male,Black,Portugal,Portugal,Angola,Portuguese,DATA_EXPIRED,DATA_EXPIRED
64133465ef0a586a6608ff36,6148abf10b6d54ca37128406,AWAITING REVIEW,2023-03-16T15:24:36.247000Z,2023-03-16T15:36:10.579000Z,,2023-03-16T15:36:10.974869Z,695,CVCWHIQC,90,24,Male,White,Portugal,Portugal,Portugal,Portuguese,No,Full-Time
64133466de2945562342ee38,5dc94678880a2965965fc001,AWAITING REVIEW,2023-03-16T15:23:18.846000Z,2023-03-16T15:36:19.417000Z,,2023-03-16T15:36:19.955227Z,781,CVCWHIQC,407,25,Male,White,Portugal,Portugal,Portugal,Portuguese,No,Part-Time
641334681a4f6cb940494c98,60526423e4a80ffba24943c3,AWAITING REVIEW,2023-03-16T15:23:20.526000Z,2023-03-16T15:33:29.685000Z,,2023-03-16T15:33:30.123653Z,610,CVCWHIQC,173,22,Male,White,Portugal,Portugal,Portugal,Portuguese,Yes,Full-Time
64133478eb7bc19b93c2aa38,5ee0efccafc30b0b2c0c20aa,AWAITING REVIEW,2023-03-16T15:23:36.587000Z,2023-03-16T15:40:32.521000Z,,2023-03-16T15:40:42.343403Z,1016,CVCWHIQC,141,25,Female,White,Portugal,Portugal,Portugal,Portuguese,Yes,Other
6413347b10bec8151730176c,605663e5147a7b66e6853a0b,AWAITING REVIEW,2023-03-16T15:23:41.277000Z,2023-03-16T15:31:43.105000Z,,2023-03-16T15:31:44.015163Z,482,CVCWHIQC,219,24,Male,White,Portugal,Portugal,Portugal,Portuguese,Yes,Part-Time
6413347f8881cc905ad08941,5fb680f7e13f87000aa59a9a,AWAITING REVIEW,2023-03-16T15:23:48.033000Z,2023-03-16T15:35:04.445000Z,,2023-03-16T15:35:04.908172Z,677,CVCWHIQC,256,20,Female,White,Portugal,Portugal,Portugal,Portuguese,No,Full-Time
64133482345f0e9d3d01fd23,5e148bbf53e846ab9d18d421,AWAITING REVIEW,2023-03-16T15:23:46.419000Z,2023-03-16T15:35:38.808000Z,,2023-03-16T15:35:39.565782Z,713,CVCWHIQC,251,26,Female,Mixed,Portugal,Portugal,Portugal,Portuguese,No,Full-Time
6413348a665e1d43483ea32e,5df76aff2d2185502504d15c,AWAITING REVIEW,2023-03-16T15:23:54.568000Z,2023-03-16T15:34:46.038000Z,,2023-03-16T15:34:46.454126Z,652,CVCWHIQC,360,40,Female,White,Portugal,Portugal,Portugal,Portuguese,No,Full-Time
6413348c48a4e6f90c1048d0,5ef490f23139e805533f1fc3,AWAITING REVIEW,2023-03-16T15:23:56.553000Z,2023-03-16T15:30:20.700000Z,,2023-03-16T15:30:21.055600Z,385,CVCWHIQC,246,21,Female,White,Portugal,Portugal,Portugal,Portuguese,Yes,Other
6413348cbffb3bca4fd55c88,612668cb3005ded5b8a09223,AWAITING REVIEW,2023-03-16T15:24:01.874000Z,2023-03-16T15:35:02.425000Z,,2023-03-16T15:35:02.881072Z,661,CVCWHIQC,42,20,Female,White,Portugal,Portugal,Portugal,Portuguese,No,Full-Time
6413348f7962cb7497c13262,60d102d6cb41f508b8174aa6,AWAITING REVIEW,2023-03-16T15:23:59.470000Z,2023-03-16T15:44:38.606000Z,,2023-03-16T15:45:13.055217Z,1240,CVCWHIQC,105,23,Male,White,Portugal,Portugal,Portugal,Portuguese,DATA_EXPIRED,DATA_EXPIRED
6413349145dc21471039cc8e,611453573a9b20d357732403,AWAITING REVIEW,2023-03-16T15:24:01.209000Z,2023-03-16T15:38:09.366000Z,,2023-03-16T15:38:09.759778Z,849,CVCWHIQC,49,20,Male,White,Portugal,Portugal,Portugal,Portuguese,Yes,"Not in paid work (e.g. homemaker', 'retired or disabled)"
6413349714f7d978055525b5,5ea90157d75274376cef80f8,AWAITING REVIEW,2023-03-16T15:24:07.729000Z,2023-03-16T15:37:47.435000Z,,2023-03-16T15:37:47.797910Z,820,CVCWHIQC,147,33,Male,White,Portugal,Portugal,Portugal,Portuguese,No,Unemployed (and job seeking)
641334a897f03ba04f23ef61,5a8b49d917ef35000170b814,AWAITING REVIEW,2023-03-16T15:24:24.103000Z,2023-03-16T15:42:26.697000Z,,2023-03-16T15:42:27.091223Z,1083,CVCWHIQC,510,47,Female,White,Portugal,Portugal,Portugal,Portuguese,No,Full-Time
641334afd78947abf4867388,608ace41501cf3eb211c0633,AWAITING REVIEW,2023-03-16T15:24:34.556000Z,2023-03-16T15:33:27.118000Z,,2023-03-16T15:33:27.528059Z,533,CVCWHIQC,210,27,Female,White,Portugal,Portugal,Portugal,Portuguese,No,Full-Time
641334b1f42ac516f32b34ec,5f8825d4938a85280f506a83,AWAITING REVIEW,2023-03-16T15:24:33.873000Z,2023-03-16T15:32:02.268000Z,,2023-03-16T15:32:07.901972Z,449,CVCWHIQC,343,29,Male,White,France,Portugal,Portugal,Portuguese,DATA_EXPIRED,DATA_EXPIRED
641334b666fd664dc5e6361f,5f8f1accff1a7d11cf0a0786,AWAITING REVIEW,2023-03-16T15:24:38.803000Z,2023-03-16T15:34:18.639000Z,,2023-03-16T15:34:19.158714Z,580,CVCWHIQC,122,25,Female,White,Portugal,Portugal,Portugal,Portuguese,No,Full-Time
641334bfb3976fa55efe7d75,605bb2d399a81480f9f2bd01,AWAITING REVIEW,2023-03-16T15:24:47.866000Z,2023-03-16T15:36:48.958000Z,,2023-03-16T15:36:49.396676Z,722,CVCWHIQC,128,27,Female,White,Portugal,Portugal,Portugal,Portuguese,Yes,Part-Time
641334c57962cb7497c13266,5ef945aa4ffead6e3ea69289,AWAITING REVIEW,2023-03-16T15:25:09.826000Z,2023-03-16T15:31:26.969000Z,,2023-03-16T15:31:28.383085Z,378,CVCWHIQC,420,30,Male,White,Portugal,Portugal,Portugal,Portuguese,No,Full-Time
641334c57df84c3f085525c7,5e72490845c9c4024095bf96,AWAITING REVIEW,2023-03-16T15:24:53.342000Z,2023-03-16T15:39:29.452000Z,,2023-03-16T15:39:29.813697Z,877,CVCWHIQC,189,24,Male,White,Portugal,Portugal,Portugal,Portuguese,No,Part-Time
641334d2358784553fe3985a,606ddcdd3dc44202f80f488d,AWAITING REVIEW,2023-03-16T15:25:06.961000Z,2023-03-16T15:40:15.336000Z,,2023-03-16T15:40:20.071943Z,909,CVCWHIQC,192,21,Female,White,Portugal,Portugal,Portugal,Portuguese,Yes,Part-Time
641334d29e1c08082b80a93c,60da4ce26cddb624b295c7ff,AWAITING REVIEW,2023-03-16T15:25:06.224000Z,2023-03-16T15:52:21.992000Z,,2023-03-16T15:52:22.381473Z,1636,CVCWHIQC,33,24,Female,White,Germany,Portugal,Portugal,Portuguese,Yes,Other
641334e28299c8754731f083,610bb9c0c502bc7d0b4650f6,AWAITING REVIEW,2023-03-16T15:25:35.616000Z,2023-03-16T15:38:48.358000Z,,2023-03-16T15:38:50.856089Z,793,CVCWHIQC,258,21,Male,White,Portugal,Portugal,Portugal,Portuguese,Yes,Other
641334e6c68e8234453ea2c7,5ca8c84e92fdc200129e9db3,AWAITING REVIEW,2023-03-16T15:25:31.294000Z,2023-03-16T15:39:48.650000Z,,2023-03-16T15:39:49.475265Z,858,CVCWHIQC,222,25,Female,White,Portugal,Portugal,Portugal,Portuguese,Yes,Part-Time
641334e8d78947abf486738f,5fe0b509b0feb8a1ed6ef32e,AWAITING REVIEW,2023-03-16T15:25:36.234000Z,2023-03-16T15:39:53.702000Z,,2023-03-16T15:40:00.670499Z,858,CVCWHIQC,117,23,Female,White,Portugal,Portugal,Portugal,Portuguese,Yes,Full-Time
641334ef46dee74452e39854,60bec2d1325a7544ecaaaeae,AWAITING REVIEW,2023-03-16T15:25:44.553000Z,2023-03-16T15:38:08.250000Z,,2023-03-16T15:38:08.620249Z,744,CVCWHIQC,109,25,Female,White,Portugal,Portugal,Portugal,Portuguese,No,DATA_EXPIRED
641334f80610625157ef2e40,59789555a0b66b0001ea69ea,AWAITING REVIEW,2023-03-16T15:25:48.101000Z,2023-03-16T15:43:32.559000Z,,2023-03-16T15:43:35.222019Z,1065,CVCWHIQC,189,25,Male,White,Portugal,Portugal,Portugal,Portuguese,No,Full-Time
641334f975ef62f3a5246fef,5fdb9ccbe6b281016f79a732,AWAITING REVIEW,2023-03-16T15:25:47.701000Z,2023-03-16T15:37:18.855000Z,,2023-03-16T15:37:19.335899Z,692,CVCWHIQC,126,25,Male,White,Portugal,Portugal,Portugal,Portuguese,No,Full-Time
6413350161743fdce8e253c8,60c36ee0ad1e69aae74b8a08,AWAITING REVIEW,2023-03-16T15:30:26.658000Z,2023-03-16T15:40:10.694000Z,,2023-03-16T15:40:26.352006Z,585,CVCWHIQC,174,25,Female,White,Portugal,Portugal,Portugal,Portuguese,Yes,Full-Time
6413350503b07a951442ee37,5f8d7ad4cec12806fc99bde4,AWAITING REVIEW,2023-03-16T15:25:57.761000Z,2023-03-16T15:35:18.912000Z,,2023-03-16T15:35:19.283569Z,562,CVCWHIQC,133,34,Male,White,Portugal,Portugal,Portugal,Portuguese,DATA_EXPIRED,DATA_EXPIRED
64133508f7c586a7bae253d7,5fb7e27bfec8e14167bddfef,AWAITING REVIEW,2023-03-16T15:26:00.425000Z,2023-03-16T15:40:49.986000Z,,2023-03-16T15:40:57.528108Z,890,CVCWHIQC,177,27,Male,White,Portugal,Portugal,Portugal,Portuguese,Yes,Other
6413350af5d5e28483a2674e,5c8aaa510de08f00016e4385,AWAITING REVIEW,2023-03-16T15:26:02.324000Z,2023-03-16T15:32:18.429000Z,,2023-03-16T15:32:18.860901Z,377,CVCWHIQC,316,28,Male,White,Macao,Portugal,Portugal,Portuguese,No,Other
64133518f7ddf9230e94060a,60ca883c03ff81263967f06a,AWAITING REVIEW,2023-03-16T15:26:16.343000Z,2023-03-16T16:19:17.662000Z,,2023-03-16T16:19:18.030173Z,3182,NOCODE,195,23,Male,White,Portugal,Portugal,Portugal,Portuguese,Yes,Full-Time
6413351946dee74452e39856,5f3d71e21cdd47124dd87d88,AWAITING REVIEW,2023-03-16T15:26:17.297000Z,2023-03-16T15:36:19.101000Z,,2023-03-16T15:36:19.475078Z,602,CVCWHIQC,290,23,Male,White,Portugal,Portugal,Portugal,Portuguese,Yes,Other
6413351b934db57a59135c11,5c50dfc089254700019f5bab,AWAITING REVIEW,2023-03-16T15:26:19.481000Z,2023-03-16T15:35:18.978000Z,,2023-03-16T15:35:19.497596Z,540,CVCWHIQC,98,34,Male,White,Portugal,Portugal,Portugal,Portuguese,No,Full-Time
64133527ef909682f8df89ea,5f7c41f542eebd02c85a59ea,AWAITING REVIEW,2023-03-16T15:26:31.429000Z,2023-03-16T15:39:03.375000Z,,2023-03-16T15:39:03.778579Z,752,CVCWHIQC,306,26,Male,White,Portugal,Portugal,Portugal,Portuguese,No,Full-Time
64133527fe21c37cfdb0007b,5f983fad466c460c50a7889f,AWAITING REVIEW,2023-03-16T15:26:31.771000Z,2023-03-16T15:38:13.212000Z,,2023-03-16T15:38:15.117105Z,702,CVCWHIQC,163,24,Female,White,Portugal,Portugal,Portugal,Portuguese,Yes,Other
64133528fa7511d53772ac89,60e0fb829cfeffe79084eaf0,AWAITING REVIEW,2023-03-16T15:26:32.416000Z,2023-03-16T15:43:32.890000Z,,2023-03-16T15:43:34.983360Z,1021,CVCWHIQC,100,22,Male,White,Portugal,Portugal,Portugal,Portuguese,Yes,Full-Time
6413352d3365e7a9422f4a24,5c549c6372fd9000018b5968,AWAITING REVIEW,2023-03-16T15:26:37.310000Z,2023-03-16T15:59:32.755000Z,,2023-03-16T15:59:34.942225Z,1976,CVCWHIQC,685,27,Male,White,Portugal,Portugal,Portugal,Portuguese,No,Full-Time
64133533420d73aaca8eba23,61672b5fff664f421d08d29c,AWAITING REVIEW,2023-03-16T15:27:16.164000Z,2023-03-16T15:49:11.179000Z,,2023-03-16T15:49:11.575376Z,1316,CVCWHIQC,38,22,Female,White,Portugal,Portugal,Portugal,Portuguese,Yes,Unemployed (and job seeking)
64133537c68e8234453ea2d5,5f8739ae0483431242e11d41,AWAITING REVIEW,2023-03-16T15:26:47.275000Z,2023-03-16T15:49:18.914000Z,,2023-03-16T15:49:19.510767Z,1352,CVCWHIQC,276,25,Female,White,Portugal,Portugal,Portugal,Portuguese,No,Full-Time
64133538d782634fff55e290,5ee17a9321c28b560db7a981,AWAITING REVIEW,2023-03-16T15:26:48.445000Z,2023-03-16T15:34:05.924000Z,,2023-03-16T15:34:06.369630Z,438,CVCWHIQC,169,22,Male,Other,Portugal,Portugal,Portugal,Portuguese,Yes,Part-Time
64133538f4b76ad10f8c0b22,6050de36565b8a6c1bd30772,AWAITING REVIEW,2023-03-16T15:26:56.616000Z,2023-03-16T15:37:18.193000Z,,2023-03-16T15:37:19.004884Z,622,CVCWHIQC,484,48,Male,White,Portugal,Portugal,Portugal,Portuguese,No,Full-Time
64133538fa7511d53772ac8b,606383d922f3cace6800e8dc,AWAITING REVIEW,2023-03-16T15:27:14.081000Z,2023-03-16T15:35:48.899000Z,,2023-03-16T15:35:49.279317Z,515,CVCWHIQC,217,22,Male,White,Portugal,Portugal,Portugal,Portuguese,Yes,Part-Time
6413353cc3389d66e51b8b1a,604d242c7c866fc358db7d48,AWAITING REVIEW,2023-03-16T15:27:00.321000Z,2023-03-16T15:35:23.703000Z,,2023-03-16T15:35:24.181433Z,504,CVCWHIQC,314,37,Male,White,Portugal,Portugal,Portugal,Portuguese,No,Full-Time
64133544244580a72080a969,5e8cbaafcbf01e067b12002a,AWAITING REVIEW,2023-03-16T15:27:13.053000Z,2023-03-16T15:40:36.998000Z,,2023-03-16T15:40:45.167581Z,804,CVCWHIQC,213,36,Male,White,Portugal,Portugal,Portugal,Portuguese,Yes,Full-Time
64133549855966f17d8f33ba,5c2288f7867f660001ad65bc,AWAITING REVIEW,2023-03-16T15:28:37.397000Z,2023-03-16T15:43:27.660000Z,,2023-03-16T15:43:28.163600Z,891,CVCWHIQC,161,40,Male,White,Portugal,Portugal,Portugal,Portuguese,Yes,Due to start a new job within the next month
6413354ea335c3cdb207dfab,6053bd8e336d9fc322bf3dd9,AWAITING REVIEW,2023-03-16T15:29:28.235000Z,2023-03-16T15:41:26.156000Z,,2023-03-16T15:41:26.476204Z,718,CVCWHIQC,114,23,Female,Other,Portugal,Portugal,Portugal,Portuguese,Yes,Unemployed (and job seeking)
64133551c8102a3c349bec09,60bea79ca33883c28346a1e9,AWAITING REVIEW,2023-03-16T15:27:13.973000Z,2023-03-16T15:37:13.431000Z,,2023-03-16T15:37:13.765421Z,600,CVCWHIQC,86,20,Male,White,DATA_EXPIRED,Portugal,Portugal,Portuguese,Yes,DATA_EXPIRED
64133558fafadda9fd66beb2,61635d1afa38f65a8ce24035,AWAITING REVIEW,2023-03-16T15:27:20.752000Z,2023-03-16T15:37:51.495000Z,,2023-03-16T15:37:51.847450Z,631,CVCWHIQC,227,23,Female,White,Portugal,Portugal,Portugal,Portuguese,No,Unemployed (and job seeking)
6413355ffb415db779cf2a58,60358e8f4cf36d6725a603dd,AWAITING REVIEW,2023-03-16T15:27:27.558000Z,2023-03-16T15:39:26.762000Z,,2023-03-16T15:39:27.218293Z,720,CVCWHIQC,172,22,Female,White,Portugal,Portugal,Portugal,Portuguese,Yes,Other
6413356283c2d6b56ddf6553,5da8912f5a994b001650f01f,AWAITING REVIEW,2023-03-16T15:35:16.730000Z,2023-03-16T15:53:53.339000Z,,2023-03-16T15:53:53.795638Z,1117,CVCWHIQC,442,41,Male,White,Portugal,Portugal,Portugal,Portuguese,No,Full-Time
64133565a20527a52ecfe97c,613a169f07a00119a4c105b9,AWAITING REVIEW,2023-03-16T15:29:10.114000Z,2023-03-16T15:37:03.725000Z,,2023-03-16T15:37:04.502371Z,474,CVCWHIQC,150,22,Female,White,Portugal,Portugal,Portugal,Portuguese,Yes,Other
6413356635fcfdba6878d5f4,5ef9a3f085fd347438975462,AWAITING REVIEW,2023-03-16T15:27:34.121000Z,2023-03-16T15:38:18.014000Z,,2023-03-16T15:38:18.417307Z,644,CVCWHIQC,294,34,Male,White,Portugal,Portugal,Portugal,Portuguese,No,Full-Time
6413356baef982ee95152300,5bdc97be76d6d50001bc2c84,AWAITING REVIEW,2023-03-16T15:27:39.918000Z,2023-03-16T15:42:46.035000Z,,2023-03-16T15:42:46.456741Z,907,CVCWHIQC,175,39,Male,White,Portugal,Portugal,Portugal,Portuguese,No,Full-Time
6413356c7eebb8b884d0894a,5db0d1449975f80015854c6a,AWAITING REVIEW,2023-03-16T15:27:48.071000Z,2023-03-16T15:38:26.851000Z,,2023-03-16T15:38:27.573035Z,639,CVCWHIQC,145,28,Male,White,Portugal,Portugal,Portugal,Portuguese,No,Part-Time
6413356d0ca417d2a0d55c6c,5f1b5383718fb9174851cf78,AWAITING REVIEW,2023-03-16T15:28:39.243000Z,2023-03-16T15:45:04.149000Z,,2023-03-16T15:45:38.676384Z,985,CVCWHIQC,116,22,Female,White,Portugal,Portugal,Portugal,Portuguese,Yes,Part-Time
6413356fb4656dc48f13cb5b,60ad18618133abd4e6a13f3d,AWAITING REVIEW,2023-03-16T15:27:43.194000Z,2023-03-16T15:38:46.342000Z,,2023-03-16T15:38:46.756375Z,664,CVCWHIQC,233,23,Male,White,Portugal,Portugal,Portugal,Portuguese,Yes,Other
64133571b3e15924be1b8ac0,5d34d232468585001a1ea5f3,AWAITING REVIEW,2023-03-16T15:27:45.117000Z,2023-03-16T15:36:56.158000Z,,2023-03-16T15:36:56.506900Z,552,CVCWHIQC,34,22,Male,White,Portugal,Portugal,Portugal,Portuguese,Yes,Unemployed (and job seeking)
6413357587ff6c34ec23d9b8,5ed7c79a7676d20ada139ad6,AWAITING REVIEW,2023-03-16T15:27:49.586000Z,2023-03-16T15:37:21.060000Z,,2023-03-16T15:37:21.471433Z,572,CVCWHIQC,201,22,Male,White,United States,Portugal,Portugal,Portuguese,Yes,Full-Time
6413357ac6442c9afa485377,60756d8d77104c29f837c33f,AWAITING REVIEW,2023-03-16T15:27:54.732000Z,2023-03-16T15:38:55.443000Z,,2023-03-16T15:38:57.643482Z,661,CVCWHIQC,156,21,Female,White,Portugal,Portugal,Portugal,Portuguese,Yes,Other
6413357bc8df177be3246f92,60416e49cd2c5e13e84ec4eb,AWAITING REVIEW,2023-03-16T15:27:55.568000Z,2023-03-16T16:05:40.969000Z,,2023-03-16T16:05:41.338377Z,2266,CVCWHIQC,246,20,Male,White,Portugal,Portugal,Portugal,Portuguese,No,Unemployed (and job seeking)
641335817025ac75dd08fef2,602ae9e3338e8e1df07284b4,AWAITING REVIEW,2023-03-16T15:29:18.220000Z,2023-03-16T15:39:39.951000Z,,2023-03-16T15:39:40.839170Z,622,CVCWHIQC,370,38,Male,White,Portugal,Portugal,Portugal,Portuguese,No,Full-Time
641335817b343ce1fb01fd49,6010556227f86b3444cbe498,AWAITING REVIEW,2023-03-16T15:28:01.178000Z,2023-03-16T15:41:53.377000Z,,2023-03-16T15:41:54.106683Z,833,CVCWHIQC,183,23,Female,White,Portugal,Portugal,Portugal,Portuguese,Yes,Full-Time
64133584ceb49510d8b0005c,6079afe0656d66a72625f641,AWAITING REVIEW,2023-03-16T15:28:04.507000Z,2023-03-16T15:44:38.003000Z,,2023-03-16T15:45:07.207214Z,994,CVCWHIQC,82,24,Female,White,Portugal,Portugal,Portugal,Portuguese,No,Full-Time
6413358875c2b8ebe78f3372,5f67904169a51c3b06d32fa3,AWAITING REVIEW,2023-03-16T15:28:08.865000Z,2023-03-16T15:39:55.049000Z,,2023-03-16T15:39:56.921933Z,707,CVCWHIQC,161,20,Male,White,Portugal,Portugal,Portugal,Portuguese,Yes,Unemployed (and job seeking)
6413358c3b0b63ef2855e291,6141e960f04021e2c58e519f,AWAITING REVIEW,2023-03-16T15:28:12.186000Z,2023-03-16T15:47:34.951000Z,,2023-03-16T15:47:35.883056Z,1163,CVCWHIQC,17,25,Female,White,Portugal,Portugal,Portugal,Portuguese,No,Unemployed (and job seeking)
6413358cf602be9122314b72,5e064bb24cac68036b16461f,AWAITING REVIEW,2023-03-16T15:28:12.717000Z,2023-03-16T15:41:42.599000Z,,2023-03-16T15:41:42.999276Z,810,CVCWHIQC,447,25,Female,White,Portugal,Portugal,Portugal,Portuguese,Yes,Other
6413359025544cbab47371aa,60db9412ba928de1fdc2269e,AWAITING REVIEW,2023-03-16T15:28:41.140000Z,2023-03-16T15:52:06.689000Z,,2023-03-16T15:52:07.119633Z,1406,CVCWHIQC,344,66,Female,White,Netherlands,Portugal,Netherlands,Dutch,No,Part-Time
64133590d01c91d4cc73718b,5fbad1fdefe4a5b5967417db,AWAITING REVIEW,2023-03-16T15:28:16.245000Z,2023-03-16T16:07:53.520000Z,,2023-03-16T16:07:53.875436Z,2378,CVCWHIQC,411,49,Female,White,Portugal,Portugal,Portugal,Portuguese,No,Full-Time
64133592797caaca97ef2e03,603d7b3fdde61ec5add26f18,AWAITING REVIEW,2023-03-16T15:28:18.664000Z,2023-03-16T15:39:58.481000Z,,2023-03-16T15:39:58.890095Z,700,CVCWHIQC,155,23,Female,White,Portugal,Portugal,Portugal,Portuguese,Yes,"Not in paid work (e.g. homemaker', 'retired or disabled)"
64133596272481df4da18858,60fca5af374ff4b335041fc3,AWAITING REVIEW,2023-03-16T15:28:25.384000Z,2023-03-16T15:39:08.843000Z,,2023-03-16T15:39:09.602135Z,644,CVCWHIQC,142,19,Female,White,Portugal,Portugal,Portugal,Portuguese,Yes,Part-Time
64133596710a8da2129bec31,60705c85858fb8154a1515ed,AWAITING REVIEW,2023-03-16T15:28:28.713000Z,2023-03-16T15:35:49.039000Z,,2023-03-16T15:35:49.421292Z,441,CVCWHIQC,231,26,Female,White,Portugal,Portugal,Portugal,Portuguese,Yes,Unemployed (and job seeking)
64133597ceb49510d8b0005f,613615da1eacf6204ce33479,AWAITING REVIEW,2023-03-16T15:28:23.377000Z,2023-03-16T15:37:04.766000Z,,2023-03-16T15:37:05.166693Z,522,CVCWHIQC,204,22,Male,White,Portugal,Portugal,Portugal,Portuguese,Yes,Other
6413359816f5c8d920c13292,5e12048c7605fe8839180a14,AWAITING REVIEW,2023-03-16T15:29:23.255000Z,2023-03-16T15:46:54.396000Z,,2023-03-16T15:47:16.680145Z,1052,CVCWHIQC,350,21,Male,White,Portugal,Portugal,Portugal,Portuguese,Yes,Full-Time
6413359a551c85b0b9561d64,610d97ed406cb5e7dfc695ae,AWAITING REVIEW,2023-03-16T15:28:26.467000Z,2023-03-16T15:40:57.961000Z,,2023-03-16T15:40:58.392579Z,752,CVCWHIQC,192,26,Male,White,Portugal,Portugal,Portugal,Portuguese,DATA_EXPIRED,DATA_EXPIRED
6413359b8bb1c95b91de3df8,60db6280e9085ee02fc6e69d,AWAITING REVIEW,2023-03-16T15:28:27.143000Z,2023-03-16T15:43:22.326000Z,,2023-03-16T15:43:22.691116Z,896,CVCWHIQC,279,22,Female,White,Portugal,Portugal,Portugal,Portuguese,No,Full-Time
641335a02ba0457abbfe7d3f,6164e321bf2d6a6ad6afa256,AWAITING REVIEW,2023-03-16T15:28:32.559000Z,2023-03-16T15:40:09.384000Z,,2023-03-16T15:40:10.879401Z,697,CVCWHIQC,74,24,Male,White,Portugal,Portugal,Portugal,Portuguese,Yes,Other
641335a1ec9243a391b822dd,6107aba3b4596bf4a2fbbd76,AWAITING REVIEW,2023-03-16T15:28:33.061000Z,2023-03-16T15:41:27.234000Z,,2023-03-16T15:41:27.706634Z,775,CVCWHIQC,280,35,Female,White,Portugal,Portugal,Portugal,Portuguese,No,Full-Time
641335a4701247bc14f21425,5eda4f802514f662acfbfd96,AWAITING REVIEW,2023-03-16T15:28:36.791000Z,2023-03-16T15:47:25.626000Z,,2023-03-16T15:47:33.176572Z,1129,CVCWHIQC,120,44,Female,White,South Africa,Portugal,South Africa,Afrikaans,No,Unemployed (and job seeking)
641335a635fcfdba6878d5f9,5e24e2abaedc2c76590bbace,AWAITING REVIEW,2023-03-16T15:28:44.727000Z,2023-03-16T15:46:24.570000Z,,2023-03-16T15:46:49.062619Z,1060,CVCWHIQC,197,50,Male,White,Portugal,Portugal,Portugal,Portuguese,No,Other
641335ab1703fd8a4672ac55,60d1ad57fb10e23b2157d23a,AWAITING REVIEW,2023-03-16T15:29:26.627000Z,2023-03-16T16:00:04.738000Z,,2023-03-16T16:00:06.802118Z,1839,CVCWHIQC,305,39,Male,White,Portugal,Portugal,Portugal,Portuguese,No,Full-Time
641335b23ddb0f5ea331f0c8,6026f1c19366fc4778bfd055,AWAITING REVIEW,2023-03-16T15:28:50.910000Z,2023-03-16T15:42:27.322000Z,,2023-03-16T15:42:27.664793Z,817,CVCWHIQC,176,21,Male,White,Portugal,Portugal,Portugal,Portuguese,Yes,"Not in paid work (e.g. homemaker', 'retired or disabled)"
641335b87ba7fd668c2b34ff,6032a9f84634b22d7f6b72a8,AWAITING REVIEW,2023-03-16T15:29:11.247000Z,2023-03-16T15:46:38.355000Z,,2023-03-16T15:47:02.286633Z,1048,CVCWHIQC,243,44,Female,White,Portugal,Portugal,Portugal,Portuguese,No,Part-Time
641335b8b98737ffa70233f4,5e283f8ad48ecf000ddd0724,AWAITING REVIEW,2023-03-16T15:28:56.449000Z,2023-03-16T15:36:32.190000Z,,2023-03-16T15:36:32.782885Z,456,CVCWHIQC,229,23,Female,White,Portugal,Portugal,Portugal,Portuguese,Yes,Unemployed (and job seeking)
641335bed255c2373813f2e4,5f8568d460bd670009af15a2,AWAITING REVIEW,2023-03-16T15:29:02.269000Z,2023-03-16T16:04:00.090000Z,,2023-03-16T16:04:00.421315Z,2098,CVCWHIQC,154,40,Male,White,Portugal,Portugal,Portugal,Portuguese,No,Full-Time
641335bfcfeaad3051cf2a37,5fdab0e02dc9175671e22e13,AWAITING REVIEW,2023-03-16T15:29:03.148000Z,2023-03-16T16:01:23.466000Z,,2023-03-16T16:01:24.285120Z,1941,CVCWHIQC,117,26,Female,White,Portugal,Portugal,Portugal,Portuguese,No,Full-Time
641335cbef0a586a6608ff5c,5ea9ee97ae93691692c125c6,AWAITING REVIEW,2023-03-16T15:29:15.445000Z,2023-03-16T15:57:24.441000Z,,2023-03-16T15:57:48.326022Z,1689,CVCWHIQC,325,37,Male,White,Portugal,Portugal,Portugal,Portuguese,No,Full-Time
641335cf75c2b8ebe78f3378,5f823a9879e10536650a3d81,AWAITING REVIEW,2023-03-16T15:29:19.325000Z,2023-03-16T15:40:55.096000Z,,2023-03-16T15:40:55.660791Z,696,CVCWHIQC,219,20,Male,White,Portugal,Portugal,Portugal,Portuguese,Yes,Other
641335d0cd482797580ba114,60e5d224c2070a7adc97befe,AWAITING REVIEW,2023-03-16T15:29:20.612000Z,2023-03-16T15:40:32.672000Z,,2023-03-16T15:40:45.340831Z,673,CVCWHIQC,259,38,Male,White,Portugal,Portugal,Portugal,Portuguese,No,Full-Time
641335d193f6124227fd7fcc,5e6663a7e18d153d4d0a4b2c,AWAITING REVIEW,2023-03-16T15:29:21.268000Z,2023-03-16T15:39:01.337000Z,,2023-03-16T15:39:04.142603Z,581,CVCWHIQC,148,27,Male,White,Portugal,Portugal,Portugal,Portuguese,No,Unemployed (and job seeking)
641335d46695a754948d8d97,60ad13199b3cffb1ac25fe95,AWAITING REVIEW,2023-03-16T15:29:24.152000Z,2023-03-16T16:02:36.761000Z,,2023-03-16T16:02:37.293799Z,1993,CVCWHIQC,96,25,Male,White,Portugal,Portugal,Portugal,Portuguese,No,Full-Time
641335d601ada1634e2b350e,607ea8ae99695caf062d8f49,AWAITING REVIEW,2023-03-16T15:29:26.601000Z,2023-03-16T15:51:32.585000Z,,2023-03-16T15:51:33.060979Z,1326,CVCWHIQC,57,21,Female,White,Portugal,Portugal,Portugal,Portuguese,Yes,Other
641335d94f775d1fb3fe7d85,60b7e7db11897639638f15cb,AWAITING REVIEW,2023-03-16T15:29:29.646000Z,2023-03-16T15:40:26.006000Z,,2023-03-16T15:40:39.242579Z,657,CVCWHIQC,226,21,Male,White,Portugal,Portugal,Portugal,Portuguese,Yes,"Not in paid work (e.g. homemaker', 'retired or disabled)"
641335d9c9cfb1274db822a4,6011a4b308baec1050c17853,AWAITING REVIEW,2023-03-16T15:29:41.863000Z,2023-03-16T15:40:45.894000Z,,2023-03-16T15:40:49.432416Z,665,CVCWHIQC,462,46,Male,White,Portugal,Portugal,Portugal,Portuguese,No,Full-Time
641335d9d01c91d4cc737193,58828d8beae1f900010574ba,AWAITING REVIEW,2023-03-16T15:29:38.739000Z,2023-03-16T16:11:23.465000Z,,2023-03-16T16:11:46.376019Z,2505,CVCWHIQC,525,31,Female,White,Portugal,Portugal,Portugal,Portuguese,No,Full-Time
641335dc7025ac75dd08fefa,605272be8568b6160f582f2e,AWAITING REVIEW,2023-03-16T15:29:32.025000Z,2023-03-16T15:49:17.774000Z,,2023-03-16T15:49:18.476333Z,1186,CVCWHIQC,230,25,Female,White,Portugal,Portugal,Portugal,Portuguese,Yes,Part-Time
641335df66cccabd5a474971,5ca8b0cded17090016e1f1c1,AWAITING REVIEW,2023-03-16T15:29:35.666000Z,2023-03-16T15:41:16.187000Z,,2023-03-16T15:41:16.627496Z,701,CVCWHIQC,266,43,Male,White,Portugal,Portugal,Portugal,Portuguese,No,Full-Time
641335e194415efa8c9f9c93,5e8f31ca66838a1ff52975b5,AWAITING REVIEW,2023-03-16T15:29:37.944000Z,2023-03-16T15:38:21.296000Z,,2023-03-16T15:38:21.851498Z,524,CVCWHIQC,347,26,Male,White,Portugal,Portugal,Portugal,Portuguese,Yes,Unemployed (and job seeking)
641335e336a721665866beb5,5ce2d3e491250a00018e04f4,AWAITING REVIEW,2023-03-16T15:31:15.766000Z,2023-03-16T15:49:30.662000Z,,2023-03-16T15:49:31.665974Z,1095,CVCWHIQC,484,53,Female,White,Germany,Portugal,Portugal,Portuguese,No,Full-Time
641335ed971e5b241d301725,615591b8814426404194e181,AWAITING REVIEW,2023-03-16T15:29:49.723000Z,2023-03-16T15:39:28.343000Z,,2023-03-16T15:39:28.743646Z,579,CVCWHIQC,146,28,Female,White,Portugal,Portugal,Portugal,Portuguese,Yes,Full-Time
641335ede7bbe5bc742ea968,5f228a74c16ecb762a93f0ba,AWAITING REVIEW,2023-03-16T15:29:49.492000Z,2023-03-16T15:44:48.698000Z,,2023-03-16T15:45:28.712237Z,900,CVCWHIQC,378,30,Male,White,Portugal,Portugal,Portugal,Portuguese,DATA_EXPIRED,DATA_EXPIRED
641335ee4bb18677f707dfa2,5e5d452bd14844058f570303,AWAITING REVIEW,2023-03-16T15:29:50.447000Z,2023-03-16T15:42:55.331000Z,,2023-03-16T15:42:55.849914Z,785,CVCWHIQC,151,22,Female,White,Portugal,Portugal,Portugal,Portuguese,Yes,DATA_EXPIRED
641335efc8102a3c349bec0f,60eee976c85c395201e05d6c,AWAITING REVIEW,2023-03-16T15:29:55.258000Z,2023-03-16T15:48:15.880000Z,,2023-03-16T15:48:16.292374Z,1101,CVCWHIQC,81,25,Female,White,Portugal,Portugal,Portugal,Portuguese,No,Unemployed (and job seeking)
641335f212fdd9838f31f06a,603d7ba0ecb86cc51ed2e12c,AWAITING REVIEW,2023-03-16T15:29:54.754000Z,2023-03-16T15:48:01.756000Z,,2023-03-16T15:48:05.632322Z,1088,CVCWHIQC,173,24,Female,White,Portugal,Portugal,Portugal,Portuguese,Yes,DATA_EXPIRED
641335f25518517d144de424,6150daf263ed4ef054fa3452,AWAITING REVIEW,2023-03-16T15:29:54.918000Z,2023-03-16T15:39:56.562000Z,,2023-03-16T15:39:57.452701Z,602,CVCWHIQC,90,22,Female,White,Portugal,Portugal,Portugal,Portuguese,No,Unemployed (and job seeking)
641335f5cc3d03b9bc940592,613a7ec6d7569819b9b06206,AWAITING REVIEW,2023-03-16T15:30:40.141000Z,2023-03-16T15:46:07.805000Z,,2023-03-16T15:46:39.695236Z,928,CVCWHIQC,172,20,Male,White,Portugal,Portugal,Portugal,Portuguese,Yes,Other
641335f7d9e830909b8f33d2,5fd8f9f5beb78f33766084c3,AWAITING REVIEW,2023-03-16T15:29:59.079000Z,2023-03-16T15:41:39.238000Z,,2023-03-16T15:41:41.911075Z,701,CVCWHIQC,113,20,Female,White,Portugal,Portugal,Portugal,Portuguese,Yes,Other
641335fd31698f7c314f8663,60a26ad1e2901bd1dd12a7ba,AWAITING REVIEW,2023-03-16T15:30:05.477000Z,2023-03-16T15:40:27.462000Z,,2023-03-16T15:40:38.653691Z,622,CVCWHIQC,26,22,Male,White,Portugal,Portugal,Portugal,Portuguese,No,Unemployed (and job seeking)
641335feb3e15924be1b8ac7,6092e2aac56871319199b6a5,AWAITING REVIEW,2023-03-16T15:30:06.865000Z,2023-03-16T15:43:54.178000Z,,2023-03-16T15:43:54.564061Z,828,CVCWHIQC,224,24,Female,White,Portugal,Portugal,Portugal,Portuguese,No,Unemployed (and job seeking)
64133600c8df177be3246f9c,55c15819fdf99b6aa2cb9713,AWAITING REVIEW,2023-03-16T15:30:08.665000Z,2023-03-16T15:44:22.570000Z,,2023-03-16T15:44:36.215477Z,854,CVCWHIQC,573,30,Male,White,Portugal,Portugal,Portugal,Portuguese,DATA_EXPIRED,Full-Time
641336013c845818d7e635d4,5fbc2a6658203e0cf9daa46f,AWAITING REVIEW,2023-03-16T15:30:09.705000Z,2023-03-16T15:39:32.679000Z,,2023-03-16T15:39:33.105202Z,563,CVCWHIQC,67,23,Male,White,Portugal,Portugal,Portugal,Portuguese,Yes,Unemployed (and job seeking)
6413360431698f7c314f8664,607d7c8297d36c7835032ce9,AWAITING REVIEW,2023-03-16T15:30:17.964000Z,2023-03-16T15:44:54.847000Z,,2023-03-16T15:45:29.068398Z,877,CVCWHIQC,203,29,Female,White,Portugal,Portugal,Portugal,Portuguese,Yes,Full-Time
641336063ddb0f5ea331f0d4,60fb536387af6781abbafe8a,AWAITING REVIEW,2023-03-16T15:30:25.155000Z,2023-03-16T15:44:09.556000Z,,2023-03-16T15:44:10.214971Z,825,CVCWHIQC,81,40,Female,White,Portugal,Portugal,Portugal,Portuguese,No,Full-Time
64133608136a9861d4552644,60d1b4055074bbd5cb905050,AWAITING REVIEW,2023-03-16T15:34:12.120000Z,2023-03-16T15:44:45.964000Z,,2023-03-16T15:45:24.933497Z,634,CVCWHIQC,126,28,Male,Other,Portugal,Portugal,Portugal,Portuguese,Yes,Full-Time
64133610955341f6a723ef8c,5e72e39ab0337024169e6e9f,AWAITING REVIEW,2023-03-16T15:30:35.865000Z,2023-03-16T15:38:22.462000Z,,2023-03-16T15:38:22.981999Z,467,CVCWHIQC,109,27,Male,White,Portugal,Portugal,Portugal,Portuguese,Yes,Part-Time
6413363c467198ff7072ac14,600a4e976b660c1b22959bbb,AWAITING REVIEW,2023-03-16T15:31:08.670000Z,2023-03-16T15:44:59.436000Z,,2023-03-16T15:45:36.573482Z,831,CVCWHIQC,221,22,Male,White,Portugal,Portugal,Portugal,Portuguese,Yes,Other
6413382d93f6124227fd7ff4,5e89d0a17ec160000888ee98,AWAITING REVIEW,2023-03-16T15:39:25.783000Z,2023-03-16T16:17:24.309000Z,,2023-03-16T16:17:24.704195Z,2279,CVCWHIQC,871,37,Male,White,United States,Portugal,United States,Portuguese,DATA_EXPIRED,Full-Time
64134014361d11cfe0f213eb,5bc1f0157870b900012dcb8a,AWAITING REVIEW,2023-03-16T16:13:36.015000Z,2023-03-16T16:25:14.221000Z,,2023-03-16T16:26:45.501456Z,699,CVCWHIQC,335,23,Male,White,Portugal,Portugal,Portugal,Portuguese,DATA_EXPIRED,DATA_EXPIRED
641340b30d6d3c9485df6533,5f4e97aae4fe380a7bad99c7,AWAITING REVIEW,2023-03-16T16:15:47.497000Z,2023-03-16T16:25:00.875000Z,,2023-03-16T16:26:24.846520Z,554,CVCWHIQC,520,25,Male,White,Portugal,Portugal,Portugal,Portuguese,Yes,"Not in paid work (e.g. homemaker', 'retired or disabled)"
6413440c2b1fb461304f869b,5c573e54e9813700018acc31,AWAITING REVIEW,2023-03-16T16:30:05.394000Z,2023-03-16T16:49:24.283000Z,,2023-03-16T16:50:16.501856Z,1159,CVCWHIQC,800,29,Male,White,Portugal,Portugal,Portugal,Portuguese,Yes,Full-Time
